
{
  "_comment": "御林军·户部名录：此文件定义了系统的不可变核心。AI 严禁对下列文件进行'优化'、'重构'或'清理'。",
  "security_level": "MAXIMUM",
  "version": "4.0",
  "locked_files": [
    {
      "path": "services/riskEngine.ts",
      "reason": "核心风控：包含复杂的'三防'逻辑（漏庄、急捉、纵趣）。",
      "allowed_actions": ["bugfix", "append_rule"]
    },
    {
      "path": "services/scoringService.ts",
      "reason": "核心算分：包含'天胜'和'开冲'的严格数学计算。",
      "allowed_actions": ["bugfix"]
    },
    {
      "path": "services/kaiChongRules.ts",
      "reason": "核心算法：'开冲'模式匹配算法，逻辑极其敏感。",
      "allowed_actions": ["none"]
    },
    {
      "path": "services/audioPersistence.ts",
      "reason": "底层存储：IndexedDB 二进制音频存取，系统基石。",
      "allowed_actions": ["bugfix", "optimize_perf"]
    },
    {
      "path": "components/Admin/AdminGate.tsx",
      "reason": "管理工具：包含手写的 PCM 音频解码器和数据库管理逻辑。",
      "allowed_actions": ["add_feature", "bugfix"]
    },
    {
      "path": "services/layoutConfig.ts",
      "reason": "视觉核心：包含针对移动端特殊适配的魔法数值（如 145vh）。",
      "allowed_actions": ["tweak_values"]
    },
    {
      "path": "skins/imperialSkin.tsx",
      "reason": "美学核心：御制皮肤的纹理与光照参数。",
      "allowed_actions": ["tweak_colors"]
    },
    {
      "path": "components/Room/PersonalRoom.tsx",
      "reason": "3D环境：包含PBR材质库和粒子系统。",
      "allowed_actions": ["add_furniture"]
    }
  ],
  "critical_features": [
    "Mobile Portrait Infinite Table",
    "Procedural Song Dynasty Materials",
    "Physics-based Snow System",
    "Persistent TTS Caching (IndexedDB)",
    "PCM Audio Decoding (No Header)"
  ]
}
