
{
  "project": "Ma Diao Master",
  "version": "0.9.14",
  "last_updated": "2024-05-26",
  "core_tech": {
    "framework": "React 19.2.3",
    "build_tool": "Vite 7.2.7",
    "styling": "Tailwind CSS",
    "3d_engine": "CSS3D (Native)",
    "ai_engine": "Google Gemini 2.5 Flash",
    "backend": "Supabase / MemFire"
  },
  "architecture": {
    "pattern": "MVVM (Hooks)",
    "layout_strategy": "Strict Config (services/layoutConfig.ts)",
    "skin_system": "Strategy Pattern (contexts/SkinContext.tsx)"
  },
  "key_files": {
    "layout_config": "services/layoutConfig.ts",
    "game_logic": "hooks/useMaDiaoLogic.ts",
    "ai_agent": "hooks/useAIAgent.ts",
    "scene_3d": "components/Visuals/Scene3D.tsx",
    "types": "types.ts"
  },
  "status": {
    "mobile_portrait": "Optimized (Infinite Table)",
    "mobile_landscape": "Optimized (Immersive)",
    "ai_logic": "Active (Heuristic Fallback + Gemini)",
    "bi_zhang_auto": "Implemented & Polished",
    "multiplayer": "Planned (v1.0)"
  }
}
